name,id
p3_cdom_agg_harmonized_feather_20250317.rds,1cFB_msiIWP_QGik7Ry5mfVR7T-thP66N
p3_cdom_agg_harmonized_feather.rds,1xMJR-6mth8PTjqrhPlQugHF5TH9-rGBV
p3_cdom_harmonized_site_info_20250317.rds,1CGWTr3yyC7CmzxJKDGnfl0Yc-mYeuVb8
p3_cdom_harmonized_site_info.rds,1eOZjcMzcypwrR0jPgroZixlXOQHi1Qxi
stable,1g9u8ArfYGo9iFT9MZ1IMrVQt65RKsY7I
p1_wqp_params_cdom.rds,1GYvosUN6eOfVItqsPqk_y4rAI_0_XEAx
p2_wqp_data_aoi_cdom_anon_20250317.feather,1_WMBXdGb0yl03dPRNns3KqxYzxeo3FpX
p2_wqp_data_aoi_cdom_anon.feather,1D__8yGR8asHkysli_wL0ILIWxvw3ZiKL
p2_site_counts_cdom_20250317.rds,1qbH8KvLT4zMG9-3Lu2_Y2tknI1s2LQ0b
p2_site_counts_cdom.rds,1175m8Vde81AXGTJSMI6GORw_59LNOCmy
p1_wqp_inventory_aoi_cdom_20250317.rds,1lZqZ7YVilPV6M8zqyHBJxgpEbyTH-kqf
p1_wqp_inventory_aoi_cdom.rds,10BCMhMySTBOkRPPSChS7afspUbX4uX7G
p1_char_names_crosswalk_cdom_20250317.rds,1zjWyiuGT7OGNIkUOLcE88J-AYOVZnJV6
p1_char_names_crosswalk_cdom.rds,1u0a4fct_6rM-GtSo4tfZ9TgV3vR8wYGK
p1_wqp_params_cdom_20250317.rds,1zmEqeCH8a2Y2gDZDiFp6_taYUkg_wvnX
p2_wqp_data_aoi_cdom_anon_20241015.feather,1Ng6s31Fr2rXs9HlS2u-FuBBX4oFtjewE
p2_site_counts_cdom_20241015.rds,1MGsF5XxXqmkERJOG0TMdoSHJ71SIATIw
p1_wqp_inventory_aoi_cdom_20241015.rds,1mWs6im2r2_V6CE97lEd81OlTrasVFt8h
p1_char_names_crosswalk_cdom_20241015.rds,1dc6sdNLQtQIZAZXWLy8v_0TL_YiO-z5m
p1_wqp_params_cdom_20241015.rds,1fXE1k37ylfySDK1JJyYS7FVCgc9tFeCi
